uid,language,utterance,utterance_stripped,begin,end,participant,duration,FTO,overlap,nature,nchar,n,freq,rank,streak
dutch-01-030-56867,dutch,kch,kch,56867,57227,spreker2 [v] (TIE2),360,164,full,talk,3,8,1.2444878574077598e-9,198,2
dutch-01-228-421869,dutch,ja,ja,421869,422277,spreker1 [v] (TIE0),408,100,full,talk,2,77862,1.2112289194185375e-5,1,2
dutch-02-099-121341,dutch,ja,ja,121341,121579,spreker2 [v] (TIE2),238,373,NA,talk,2,77862,1.2112289194185375e-5,1,2
dutch-02-101-124408,dutch,ja [unk_utterance],ja,124408,125008,spreker2 [v] (TIE2),600,1279,NA,talk,2,77862,1.2112289194185375e-5,1,3
dutch-02-111-137234,dutch,ja,ja,137234,137505,spreker1 [v] (TIE0),271,-701,full,talk,2,77862,1.2112289194185375e-5,1,2
dutch-02-117-141980,dutch,ja,ja,141980,142252,spreker2 [v] (TIE2),272,-340,full,talk,2,77862,1.2112289194185375e-5,1,2
dutch-02-130-154396,dutch,ja,ja,154396.00000000003,154837,spreker2 [v] (TIE2),440.9999999999709,68.0000000000291,NA,talk,2,77862,1.2112289194185375e-5,1,2
dutch-02-131-154996,dutch,ja,ja,154996,155346,spreker2 [v] (TIE2),350,NA,NA,talk,2,77862,1.2112289194185375e-5,1,3
dutch-02-141-161728,dutch,ja,ja,161728,161988,spreker2 [v] (TIE2),260,57,NA,talk,2,77862,1.2112289194185375e-5,1,2
dutch-02-146-167862,dutch,ja,ja,167862,168213,spreker1 [v] (TIE0),351,-683.0000000000291,full,talk,2,77862,1.2112289194185375e-5,1,2
dutch-02-168-186146,dutch,nee,nee,186146,186666,spreker1 [v] (TIE0),520,442,full,talk,3,9041,1.4064268398529449e-6,2,2
dutch-02-175-193465,dutch,ja,ja,193465,193816,spreker2 [v] (TIE2),351,-317,partial,talk,2,77862,1.2112289194185375e-5,1,2
dutch-02-179-197573,dutch,ja,ja,197573,197776,spreker2 [v] (TIE2),203,NA,NA,talk,2,77862,1.2112289194185375e-5,1,2
dutch-02-192-212002,dutch,ja,ja,212002,212398,spreker1 [v] (TIE0),396,-373,partial,talk,2,77862,1.2112289194185375e-5,1,2
dutch-02-201-222164,dutch,ja,ja,222164,222402,spreker2 [v] (TIE2),238,419,NA,talk,2,77862,1.2112289194185375e-5,1,2
dutch-02-205-226224,dutch,ja,ja,226224,226587,spreker1 [v] (TIE0),363,5,NA,talk,2,77862,1.2112289194185375e-5,1,2
dutch-02-207-227323,dutch,ja,ja,227323,227549,spreker1 [v] (TIE0),226,-850,full,talk,2,77862,1.2112289194185375e-5,1,3
dutch-02-225-249706,dutch,nee,nee,249706,249932,spreker2 [v] (TIE2),226,NA,NA,talk,3,9041,1.4064268398529449e-6,2,2
dutch-02-234-258089,dutch,nee,nee,258089,258303.99999999997,spreker2 [v] (TIE2),214.9999999999709,576.0000000000291,NA,talk,3,9041,1.4064268398529449e-6,2,2
dutch-02-261-291439,dutch,ja,ja,291439,291782,spreker1 [v] (TIE0),343,11,NA,talk,2,77862,1.2112289194185375e-5,1,2
dutch-02-289-333370,dutch,oké,oké,333370,333993,spreker2 [v] (TIE2),623,317,NA,talk,3,89,1.3844927413661329e-8,124,2
dutch-02-336-380013,dutch,ja,ja,380013,380341,spreker1 [v] (TIE0),328,NA,NA,talk,2,77862,1.2112289194185375e-5,1,2
dutch-02-385-431744,dutch,ja,ja,431744,431952,spreker2 [v] (TIE2),208,466,NA,talk,2,77862,1.2112289194185375e-5,1,2
dutch-02-392-436443,dutch,ja,ja,436443,437034,spreker2 [v] (TIE2),591,426,partial,talk,2,77862,1.2112289194185375e-5,1,2
dutch-02-448-500990,dutch,ja,ja,500990,501220,spreker2 [v] (TIE2),230,131,NA,talk,2,77862,1.2112289194185375e-5,1,2
dutch-02-469-519317,dutch,[laugh] ja,ja,519317,520148,spreker2 [v] (TIE2),831,-348.9999999999418,NA,talk,2,77862,1.2112289194185375e-5,1,2
dutch-02-526-590417,dutch,ja,ja,590417,590690,spreker2 [v] (TIE2),273,274,NA,talk,2,77862,1.2112289194185375e-5,1,2
dutch-02-527-591215,dutch,ja,ja,591215,591510,spreker2 [v] (TIE2),295,NA,NA,talk,2,77862,1.2112289194185375e-5,1,3
dutch-02-530-592757,dutch,ja,ja,592757,593052,spreker2 [v] (TIE2),295,-273,partial,talk,2,77862,1.2112289194185375e-5,1,4
dutch-02-576-649938,dutch,ja,ja,649938,650288,spreker1 [v] (TIE0),350,-77,partial,talk,2,77862,1.2112289194185375e-5,1,2
dutch-02-578-651688,dutch,ja,ja,651688,652016,spreker1 [v] (TIE0),328,-66,partial,talk,2,77862,1.2112289194185375e-5,1,3
dutch-02-585-660866,dutch,ja,ja,660866,661315,spreker1 [v] (TIE0),449,-44,partial,talk,2,77862,1.2112289194185375e-5,1,4
dutch-02-596-670810,dutch,ja,ja,670810,671182,spreker1 [v] (TIE0),372,-743,full,talk,2,77862,1.2112289194185375e-5,1,2
dutch-02-600-674917,dutch,ja,ja,674917,675300,spreker1 [v] (TIE0),383,-128,partial,talk,2,77862,1.2112289194185375e-5,1,3
dutch-02-603-678140,dutch,ja,ja,678140,678720,spreker1 [v] (TIE0),580,-564,partial,talk,2,77862,1.2112289194185375e-5,1,4
dutch-02-623-698290,dutch,ja,ja,698290,698487,spreker2 [v] (TIE2),197,175,NA,talk,2,77862,1.2112289194185375e-5,1,2
dutch-02-631-707246,dutch,nee,nee,707246,707487,spreker2 [v] (TIE2),241,65,NA,talk,3,9041,1.4064268398529449e-6,2,2
dutch-02-666-747101,dutch,ja,ja,747101,747516,spreker1 [v] (TIE0),415,-365,NA,talk,2,77862,1.2112289194185375e-5,1,2
dutch-02-678-762892,dutch,ja,ja,762892,763401,spreker1 [v] (TIE0),509,-1749,full,talk,2,77862,1.2112289194185375e-5,1,2
dutch-02-695-787546,dutch,ja,ja,787546,787779,spreker2 [v] (TIE2),233,-6,NA,talk,2,77862,1.2112289194185375e-5,1,2
dutch-02-709-800741,dutch,ja,ja,800741,800907,spreker2 [v] (TIE2),166,620,NA,talk,2,77862,1.2112289194185375e-5,1,2
dutch-02-717-808217,dutch,nee,nee,808217,808516,spreker1 [v] (TIE0),299,199,NA,talk,3,9041,1.4064268398529449e-6,2,2
dutch-02-729-827544,dutch,oké,oké,827544,828186,spreker1 [v] (TIE0),642,265,NA,talk,3,89,1.3844927413661329e-8,124,3
dutch-02-732-831716,dutch,oké,oké,831716,832413,spreker1 [v] (TIE0),697,381.9999999998836,NA,talk,3,89,1.3844927413661329e-8,124,4
dutch-02-751-853247,dutch,ja,ja,853247,853424,spreker2 [v] (TIE2),177,232,full,talk,2,77862,1.2112289194185375e-5,1,2
dutch-02-752-854232,dutch,ja,ja,854232,854520,spreker2 [v] (TIE2),288,321,NA,talk,2,77862,1.2112289194185375e-5,1,3
dutch-02-772-875520,dutch,ja,ja,875520,875764,spreker2 [v] (TIE2),244,310,NA,talk,2,77862,1.2112289194185375e-5,1,2
dutch-02-774-877911,dutch,ja,ja,877911,878165.9999999999,spreker2 [v] (TIE2),254.9999999998836,-44,partial,talk,2,77862,1.2112289194185375e-5,1,3
dutch-02-778-880963,dutch,ja,ja,880963,881682,spreker1 [v] (TIE0),719,-452.9999999998836,partial,talk,2,77862,1.2112289194185375e-5,1,2
dutch-02-780-882058,dutch,ja,ja,882058,882280,spreker1 [v] (TIE0),222,-418,full,talk,2,77862,1.2112289194185375e-5,1,3
dutch-02-782-884062,dutch,ja,ja,884062,884317,spreker1 [v] (TIE0),255,155,NA,talk,2,77862,1.2112289194185375e-5,1,4
dutch-02-786-891304,dutch,ja,ja,891304,891658,spreker1 [v] (TIE0),354,44,NA,talk,2,77862,1.2112289194185375e-5,1,5
dutch-03-159-225963,dutch,ja,ja,225963,226244,spreker1 [v] (TIE0),281,326,NA,talk,2,77862,1.2112289194185375e-5,1,2
dutch-03-166-234862,dutch,ja,ja,234862,235177,spreker2 [v] (TIE2),315,467,NA,talk,2,77862,1.2112289194185375e-5,1,2
dutch-03-251-346290,dutch,ja,ja,346290,346729,spreker2 [v] (TIE2),439,133,full,talk,2,77862,1.2112289194185375e-5,1,2
dutch-03-273-384609,dutch,ja,ja,384609,385002,spreker1 [v] (TIE0),393,-75,partial,talk,2,77862,1.2112289194185375e-5,1,2
dutch-03-292-414469,dutch,ja,ja,414469,414829,spreker1 [v] (TIE0),360,343,NA,talk,2,77862,1.2112289194185375e-5,1,2
dutch-03-343-488135,dutch,ja,ja,488135,488564,spreker1 [v] (TIE0),429,90,NA,talk,2,77862,1.2112289194185375e-5,1,2
dutch-04-020-30574,dutch,ja,ja,30574,30816,spreker2 [v] (TIE2),242,81,full,talk,2,77862,1.2112289194185375e-5,1,2
dutch-04-040-59150,dutch,ja,ja,59150,59392,spreker2 [v] (TIE2),242,23,full,talk,2,77862,1.2112289194185375e-5,1,2
dutch-04-056-81874,dutch,oh ja,oh ja,81874,82601,spreker2 [v] (TIE2),727,NA,NA,talk,5,3398,5.285962174339459e-7,7,2
dutch-04-072-100937,dutch,oké,oké,100937,101322,spreker2 [v] (TIE2),385,-102.99999999998543,partial,talk,3,89,1.3844927413661329e-8,124,2
dutch-04-088-122914,dutch,ja,ja,122914,123364,spreker1 [v] (TIE0),450,-46,NA,talk,2,77862,1.2112289194185375e-5,1,2
dutch-04-090-124149,dutch,ja,ja,124149,124610,spreker1 [v] (TIE0),461,-969,full,talk,2,77862,1.2112289194185375e-5,1,3
dutch-04-106-149706,dutch,ja,ja,149706,149925,spreker2 [v] (TIE2),219,-184,partial,talk,2,77862,1.2112289194185375e-5,1,2
dutch-04-140-183411,dutch,ja,ja,183411,183688,spreker1 [v] (TIE0),277,-577,full,talk,2,77862,1.2112289194185375e-5,1,2
dutch-04-141-184195,dutch,ja,ja,184195,184438,spreker1 [v] (TIE0),243,207,NA,talk,2,77862,1.2112289194185375e-5,1,3
dutch-04-145-189891,dutch,ja,ja,189891,190215,spreker1 [v] (TIE0),324,115,NA,talk,2,77862,1.2112289194185375e-5,1,4
dutch-04-173-222485,dutch,ja?,ja?,222485,222853.99999999997,spreker1 [v] (TIE0),368.9999999999709,88,full,talk,3,69,1.0733707770141928e-8,139,2
dutch-04-184-235090,dutch,ja,ja,235090,235781.99999999997,spreker1 [v] (TIE0),691.9999999999709,-854.0000000000291,full,talk,2,77862,1.2112289194185375e-5,1,2
dutch-04-187-236705,dutch,heel raar,heel raar,236704.99999999997,237640,spreker2 [v] (TIE2),935.0000000000292,923,NA,talk,9,9,1.4000488395837298e-9,197,2
dutch-04-201-252632,dutch,ja,ja,252632,252955,spreker1 [v] (TIE0),323,312,NA,talk,2,77862,1.2112289194185375e-5,1,2
dutch-04-231-284348,dutch,ja,ja,284348,284578,spreker2 [v] (TIE2),230,-161,partial,talk,2,77862,1.2112289194185375e-5,1,2
dutch-04-248-300756,dutch,ja,ja,300756,301125,spreker1 [v] (TIE0),369,335,NA,talk,2,77862,1.2112289194185375e-5,1,2
dutch-04-335-389995,dutch,ja,ja,389995,390323,spreker2 [v] (TIE2),328,-546,full,talk,2,77862,1.2112289194185375e-5,1,2
dutch-04-355-419959,dutch,ja,ja,419959,420199,spreker1 [v] (TIE0),240,-251,full,talk,2,77862,1.2112289194185375e-5,1,2
dutch-04-366-435255,dutch,ja,ja,435255,435615,spreker1 [v] (TIE0),360,-393,full,talk,2,77862,1.2112289194185375e-5,1,2
dutch-04-400-476797,dutch,[laugh] ja,ja,476797,478020,spreker2 [v] (TIE2),1223,-721,partial,talk,2,77862,1.2112289194185375e-5,1,2
dutch-04-456-557454,dutch,ja [laugh],ja,557454,558065,spreker2 [v] (TIE2),611,-709,full,talk,2,77862,1.2112289194185375e-5,1,2
dutch-04-460-563133,dutch,ja,ja,563133,563581,spreker2 [v] (TIE2),448,676,full,talk,2,77862,1.2112289194185375e-5,1,3
dutch-04-504-620307,dutch,ja,ja,620307,620580,spreker2 [v] (TIE2),273,-1277,full,talk,2,77862,1.2112289194185375e-5,1,2
dutch-04-509-627695,dutch,nee,nee,627695,628142,spreker2 [v] (TIE2),447,-163,partial,talk,3,9041,1.4064268398529449e-6,2,3
dutch-04-511-629769,dutch,nee [laugh],nee,629769,631416,spreker2 [v] (TIE2),1647,-785,partial,talk,3,9041,1.4064268398529449e-6,2,4
dutch-04-588-736157,dutch,ja,ja,736157,736617,spreker2 [v] (TIE2),460,145,NA,talk,2,77862,1.2112289194185375e-5,1,2
dutch-04-590-737688,dutch,ja,ja,737688,737930,spreker2 [v] (TIE2),242,-795,full,talk,2,77862,1.2112289194185375e-5,1,3
dutch-04-603-751367,dutch,ja,ja,751367,751793,spreker1 [v] (TIE0),426,104,NA,talk,2,77862,1.2112289194185375e-5,1,2
dutch-04-604-752173,dutch,ja,ja,752173,752506,spreker1 [v] (TIE0),333,NA,NA,talk,2,77862,1.2112289194185375e-5,1,3
dutch-04-605-752760,dutch,ja,ja,752760,753082,spreker1 [v] (TIE0),322,NA,NA,talk,2,77862,1.2112289194185375e-5,1,4
dutch-04-658-821444,dutch,ja,ja,821444,821836,spreker2 [v] (TIE2),392,-150,partial,talk,2,77862,1.2112289194185375e-5,1,2
dutch-04-660-822929,dutch,ja,ja,822929,823332,spreker2 [v] (TIE2),403,57,NA,talk,2,77862,1.2112289194185375e-5,1,3
dutch-04-680-855747,dutch,ja,ja,855747,856173,spreker1 [v] (TIE0),426,23,full,talk,2,77862,1.2112289194185375e-5,1,2
dutch-04-687-862287,dutch,ja,ja,862287,862586,spreker1 [v] (TIE0),299,-438,full,talk,2,77862,1.2112289194185375e-5,1,2
dutch-04-688-862989,dutch,ja,ja,862989,863300,spreker1 [v] (TIE0),311,264,NA,talk,2,77862,1.2112289194185375e-5,1,3
dutch-04-698-874700,dutch,ja,ja,874700,875012,spreker2 [v] (TIE2),312,-278,partial,talk,2,77862,1.2112289194185375e-5,1,2
dutch-05-072-89779,dutch,ja,ja,89779,89993,spreker2 [v] (TIE2),214,NA,NA,talk,2,77862,1.2112289194185375e-5,1,2
dutch-05-125-154424,dutch,ja,ja,154424,154682.00000000003,spreker2 [v] (TIE2),258.0000000000291,382,NA,talk,2,77862,1.2112289194185375e-5,1,2
dutch-05-152-186223,dutch,ja,ja,186223,186403,spreker2 [v] (TIE2),180,NA,NA,talk,2,77862,1.2112289194185375e-5,1,2
dutch-05-154-187453,dutch,ja,ja,187453,187769,spreker2 [v] (TIE2),316,113,NA,talk,2,77862,1.2112289194185375e-5,1,3
dutch-05-165-199305,dutch,ja,ja,199305,199519,spreker2 [v] (TIE2),214,587,NA,talk,2,77862,1.2112289194185375e-5,1,2
dutch-05-193-228069,dutch,ja,ja,228069.00000000003,228464,spreker2 [v] (TIE2),394.9999999999709,181.0000000000291,full,talk,2,77862,1.2112289194185375e-5,1,2
dutch-05-227-279899,dutch,ja,ja,279899,280181,spreker2 [v] (TIE2),282,-45,partial,talk,2,77862,1.2112289194185375e-5,1,2
dutch-05-330-435880,dutch,ja,ja,435880,436366,spreker2 [v] (TIE2),486,147,NA,talk,2,77862,1.2112289194185375e-5,1,2
dutch-05-350-457029,dutch,nee,nee,457029,457469,spreker2 [v] (TIE2),440,214,full,talk,3,9041,1.4064268398529449e-6,2,2
dutch-05-438-582635,dutch,ja,ja,582635,582937,spreker2 [v] (TIE2),302,-1350,full,talk,2,77862,1.2112289194185375e-5,1,2
dutch-05-493-643699,dutch,ja,ja,643699,644045,spreker2 [v] (TIE2),346,-1184,full,talk,2,77862,1.2112289194185375e-5,1,2
dutch-05-560-719931,dutch,ja,ja,719931,720179,spreker2 [v] (TIE2),248,78,full,talk,2,77862,1.2112289194185375e-5,1,2
dutch-05-565-731189,dutch,ja,ja,731189,731436,spreker2 [v] (TIE2),247,-61,partial,talk,2,77862,1.2112289194185375e-5,1,3
dutch-05-625-798078,dutch,ja,ja,798078,798371,spreker1 [v] (TIE0),293,-293,NA,talk,2,77862,1.2112289194185375e-5,1,2
dutch-05-632-803957,dutch,ja,ja,803957,804148,spreker2 [v] (TIE2),191,NA,NA,talk,2,77862,1.2112289194185375e-5,1,2
dutch-05-671-850584,dutch,dat viel 'm tegen,dat viel 'm tegen,850584,851553,spreker1 [v] (TIE0),969,-34,NA,talk,17,2,3.111219643519399e-10,204,2
dutch-05-683-862626,dutch,precies,precies,862626,863128,spreker1 [v] (TIE0),502,NA,NA,talk,7,249,3.8734684561816533e-8,56,2
dutch-06-407-495850,dutch,ja,ja,495850,496212,spreker1 [v] (TIE0),362,-1266,full,talk,2,77862,1.2112289194185375e-5,1,2
dutch-06-471-558106,dutch,ja,ja,558106,558435,spreker2 [v] (TIE2),329,1602,partial,talk,2,77862,1.2112289194185375e-5,1,2
dutch-06-485-575763,dutch,ja,ja,575763,576070,spreker1 [v] (TIE0),307,-74,partial,talk,2,77862,1.2112289194185375e-5,1,2
dutch-06-516-611546,dutch,slinks,slinks,611546,612073,spreker1 [v] (TIE0),527,-197,partial,talk,6,3,4.666829465279099e-10,203,2
dutch-06-556-653640,dutch,ja,ja,653640,654101,spreker2 [v] (TIE2),461,120,full,talk,2,77862,1.2112289194185375e-5,1,2
dutch-06-681-798141,dutch,ja,ja,798141,798504,spreker1 [v] (TIE0),363,-286,partial,talk,2,77862,1.2112289194185375e-5,1,2
dutch-06-683-798855,dutch,ja,ja,798855,799173,spreker1 [v] (TIE0),318,-878,full,talk,2,77862,1.2112289194185375e-5,1,3
dutch-06-717-838467,dutch,ja,ja,838467,838752,spreker1 [v] (TIE0),285,-362,full,talk,2,77862,1.2112289194185375e-5,1,2
dutch-06-721-840837,dutch,ja,ja,840837,841507,spreker2 [v] (TIE2),670,-1570,full,talk,2,77862,1.2112289194185375e-5,1,2
dutch-07-154-228221,dutch,ja,ja,228221,228687,spreker2 [v] (TIE2),466,-84,partial,talk,2,77862,1.2112289194185375e-5,1,2
dutch-07-165-247034,dutch,ja,ja,247034,248107,spreker2 [v] (TIE2),1073,-965,partial,talk,2,77862,1.2112289194185375e-5,1,2
dutch-07-397-600391,dutch,ja,ja,600391,600909,spreker1 [v] (TIE0),518,-34,partial,talk,2,77862,1.2112289194185375e-5,1,2
dutch-07-585-874193,dutch,zo is het,zo is het,874193,874922,spreker1 [v] (TIE0),729,-763,full,talk,9,4,6.222439287038799e-10,202,2
dutch-08-029-34024,dutch,ja,ja,34024,34292,spreker1 [v] (TIE0),268,-151,partial,talk,2,77862,1.2112289194185375e-5,1,2
dutch-08-079-93447,dutch,ja,ja,93447,93715,spreker2 [v] (TIE2),268,222,NA,talk,2,77862,1.2112289194185375e-5,1,2
dutch-08-087-98454,dutch,nee,nee,98454,99026,spreker2 [v] (TIE2),572,140.00000000001455,NA,talk,3,9041,1.4064268398529449e-6,2,2
dutch-08-134-145032,dutch,ja,ja,145032,145288,spreker1 [v] (TIE0),256,-653,full,talk,2,77862,1.2112289194185375e-5,1,2
dutch-08-196-212743,dutch,ja,ja,212743,213093.00000000003,spreker1 [v] (TIE0),350.0000000000291,-338.0000000000291,NA,talk,2,77862,1.2112289194185375e-5,1,2
dutch-08-198-214867,dutch,ja,ja,214867,215089,spreker1 [v] (TIE0),222,93,NA,talk,2,77862,1.2112289194185375e-5,1,3
dutch-08-202-217890,dutch,ja,ja,217890,218275,spreker2 [v] (TIE2),385,164,NA,talk,2,77862,1.2112289194185375e-5,1,2
dutch-08-217-232340,dutch,ja,ja,232340,232655,spreker2 [v] (TIE2),315,-432,full,talk,2,77862,1.2112289194185375e-5,1,2
dutch-08-252-274120,dutch,ja,ja,274120,274400,spreker1 [v] (TIE0),280,233,NA,talk,2,77862,1.2112289194185375e-5,1,2
dutch-08-258-281971,dutch,ja,ja,281971,282308.99999999994,spreker1 [v] (TIE0),337.9999999999418,537.0000000000582,NA,talk,2,77862,1.2112289194185375e-5,1,2
dutch-08-259-282846,dutch,ja,ja,282846,283080,spreker1 [v] (TIE0),234,NA,NA,talk,2,77862,1.2112289194185375e-5,1,3
dutch-08-290-313350,dutch,ja,ja,313350,313712,spreker2 [v] (TIE2),362,-828,full,talk,2,77862,1.2112289194185375e-5,1,2
dutch-08-457-505646,dutch,oh,oh,505646,505938,spreker2 [v] (TIE2),292,324,NA,talk,2,6948,1.0808377041586394e-6,5,2
dutch-08-460-508246,dutch,ja,ja,508246,508668,spreker2 [v] (TIE2),422,-1448,full,talk,2,77862,1.2112289194185375e-5,1,3
dutch-08-461-509262,dutch,ja,ja,509262,509607,spreker2 [v] (TIE2),345,-432,full,talk,2,77862,1.2112289194185375e-5,1,4
dutch-08-617-694767,dutch,ja,ja,694767,695048,spreker2 [v] (TIE2),281,-22,NA,talk,2,77862,1.2112289194185375e-5,1,2
dutch-08-618-696139,dutch,ja,ja,696139,696323,spreker2 [v] (TIE2),184,NA,NA,talk,2,77862,1.2112289194185375e-5,1,3
dutch-08-709-805975,dutch,je moet alleen noten,je moet alleen noten,805975,807163,spreker1 [v] (TIE0),1188,83,NA,talk,20,2,3.111219643519399e-10,204,2
dutch-08-780-897811,dutch,ja,ja,897811,898124,spreker2 [v] (TIE2),313,-799,full,talk,2,77862,1.2112289194185375e-5,1,2
dutch-09-022-24831,dutch,jawel,jawel,24831,25521,spreker2 [v] (TIE2),690,-837,full,talk,5,345,5.3668538850709647e-8,42,2
dutch-09-231-291436,dutch,maar,maar,291436,292085,spreker2 [v] (TIE2),649,NA,NA,talk,4,1347,2.0954064299103157e-7,19,2
dutch-09-433-603794,dutch,ja,ja,603794,604205,spreker2 [v] (TIE2),411,-65,partial,talk,2,77862,1.2112289194185375e-5,1,2
dutch-10-013-14687,dutch,ja,ja,14687,15108,spreker2 [v] (TIE2),421,-299,partial,talk,2,77862,1.2112289194185375e-5,1,2
dutch-10-016-19410,dutch,ja,ja,19410,19869,spreker2 [v] (TIE2),459,-403,partial,talk,2,77862,1.2112289194185375e-5,1,3
dutch-10-028-35672,dutch,ja,ja,35672,36063,spreker2 [v] (TIE2),391,59,NA,talk,2,77862,1.2112289194185375e-5,1,2
dutch-10-032-41760,dutch,ja,ja,41760,42197,spreker2 [v] (TIE2),437,-414,partial,talk,2,77862,1.2112289194185375e-5,1,3
dutch-10-036-48749,dutch,ja,ja,48749,49095,spreker2 [v] (TIE2),346,114,NA,talk,2,77862,1.2112289194185375e-5,1,4
dutch-10-047-60571,dutch,ja,ja,60571,60907,spreker2 [v] (TIE2),336,-11,partial,talk,2,77862,1.2112289194185375e-5,1,2
dutch-10-104-132056,dutch,ja,ja,132056,132537,spreker2 [v] (TIE2),481,-22,partial,talk,2,77862,1.2112289194185375e-5,1,2
dutch-10-111-138868,dutch,ja,ja,138868,139304,spreker1 [v] (TIE0),436,738,NA,talk,2,77862,1.2112289194185375e-5,1,2
dutch-10-123-150521,dutch,ja,ja,150521.00000000003,150812,spreker2 [v] (TIE2),290.9999999999709,-649,full,talk,2,77862,1.2112289194185375e-5,1,2
dutch-10-156-186640,dutch,ja,ja,186640,186897,spreker2 [v] (TIE2),257,-946,full,talk,2,77862,1.2112289194185375e-5,1,2
dutch-10-216-279702,dutch,ja,ja,279702,280049,spreker1 [v] (TIE0),347,268.0000000000582,NA,talk,2,77862,1.2112289194185375e-5,1,2
dutch-10-293-394264,dutch,ja,ja,394264,394711,spreker2 [v] (TIE2),447,-223,partial,talk,2,77862,1.2112289194185375e-5,1,2
dutch-10-317-419476,dutch,ja,ja,419476,419856,spreker2 [v] (TIE2),380,-481,full,talk,2,77862,1.2112289194185375e-5,1,2
dutch-10-322-427070,dutch,ja,ja,427070,427584,spreker2 [v] (TIE2),514,83,NA,talk,2,77862,1.2112289194185375e-5,1,3
dutch-10-410-546575,dutch,ja,ja,546575,546950,spreker2 [v] (TIE2),375,143,full,talk,2,77862,1.2112289194185375e-5,1,2
dutch-10-411-547524,dutch,ja,ja,547524,547866,spreker2 [v] (TIE2),342,-121,NA,talk,2,77862,1.2112289194185375e-5,1,3
dutch-10-431-570706,dutch,ja,ja,570706,571191,spreker2 [v] (TIE2),485,22,NA,talk,2,77862,1.2112289194185375e-5,1,2
dutch-10-435-574900,dutch,ja,ja,574900,575529,spreker2 [v] (TIE2),629,-12,partial,talk,2,77862,1.2112289194185375e-5,1,3
dutch-10-437-575860,dutch,ja,ja,575860,576069,spreker2 [v] (TIE2),209,-1843,full,talk,2,77862,1.2112289194185375e-5,1,4
dutch-10-549-717976,dutch,ja,ja,717976,718230,spreker2 [v] (TIE2),254,-298,full,talk,2,77862,1.2112289194185375e-5,1,2
dutch-10-551-719465,dutch,ja,ja,719465,719719,spreker2 [v] (TIE2),254,-254,NA,talk,2,77862,1.2112289194185375e-5,1,3
dutch-10-573-744238,dutch,ja,ja,744238,744591,spreker2 [v] (TIE2),353,44,NA,talk,2,77862,1.2112289194185375e-5,1,2
dutch-10-658-868466,dutch,oké,oké,868466,869139,spreker2 [v] (TIE2),673,-342,partial,talk,3,89,1.3844927413661329e-8,124,2
dutch-11-005-2958,dutch,ja,ja,2958,3295,spreker2 [v] (TIE2),337,-604,full,talk,2,77862,1.2112289194185375e-5,1,2
dutch-11-014-14374,dutch,ja,ja,14374,14583,spreker2 [v] (TIE2),209,-325,full,talk,2,77862,1.2112289194185375e-5,1,2
dutch-11-019-18475,dutch,ja,ja,18475,18858,spreker1 [v] (TIE0),383,163,full,talk,2,77862,1.2112289194185375e-5,1,2
dutch-11-020-19137,dutch,ja,ja,19137,19509,spreker1 [v] (TIE0),372,-337,NA,talk,2,77862,1.2112289194185375e-5,1,3
dutch-11-022-20132,dutch,ja,ja,20132,20329,spreker1 [v] (TIE0),197,-465,full,talk,2,77862,1.2112289194185375e-5,1,4
dutch-11-023-20934,dutch,ja,ja,20934,21212,spreker1 [v] (TIE0),278,337,NA,talk,2,77862,1.2112289194185375e-5,1,5
dutch-11-025-21921,dutch,ja,ja,21921,22246,spreker1 [v] (TIE0),325,-964,full,talk,2,77862,1.2112289194185375e-5,1,6
dutch-11-029-28404,dutch,ja,ja,28404,28682,spreker2 [v] (TIE2),278,419,NA,talk,2,77862,1.2112289194185375e-5,1,2
dutch-11-033-33058,dutch,ja,ja,33058,33441,spreker2 [v] (TIE2),383,-139,partial,talk,2,77862,1.2112289194185375e-5,1,3
dutch-11-040-41279,dutch,ja,ja,41279,41558,spreker1 [v] (TIE0),279,325,NA,talk,2,77862,1.2112289194185375e-5,1,2
dutch-11-042-42232,dutch,ja,ja,42232,42441,spreker1 [v] (TIE0),209,-534,full,talk,2,77862,1.2112289194185375e-5,1,3
dutch-11-044-43614,dutch,ja [laugh],ja,43614,44485,spreker1 [v] (TIE0),871,-1464,full,talk,2,77862,1.2112289194185375e-5,1,4
dutch-11-046-45531,dutch,ja,ja,45531,45938,spreker1 [v] (TIE0),407,23,NA,talk,2,77862,1.2112289194185375e-5,1,5
dutch-11-058-58817,dutch,ja,ja,58817,59120,spreker1 [v] (TIE0),303,-210,partial,talk,2,77862,1.2112289194185375e-5,1,2
dutch-11-063-64719,dutch,ja,ja,64718.99999999999,65056,spreker1 [v] (TIE0),337.0000000000073,92.99999999998543,NA,talk,2,77862,1.2112289194185375e-5,1,2
dutch-11-068-67403,dutch,ja,ja,67403,67612,spreker1 [v] (TIE0),209,-906,full,talk,2,77862,1.2112289194185375e-5,1,2
dutch-11-070-68960,dutch,ja,ja,68960.00000000001,69308,spreker1 [v] (TIE0),347.99999999998545,-789.9999999999854,full,talk,2,77862,1.2112289194185375e-5,1,3
dutch-11-071-69657,dutch,ja,ja,69657,70249,spreker1 [v] (TIE0),592,-93,NA,talk,2,77862,1.2112289194185375e-5,1,4
dutch-11-084-84283,dutch,ja,ja,84283,84515.99999999999,spreker1 [v] (TIE0),232.99999999998545,-186,partial,talk,2,77862,1.2112289194185375e-5,1,2
dutch-11-120-123062,dutch,ja,ja,123062,123259,spreker2 [v] (TIE2),197,-128,NA,talk,2,77862,1.2112289194185375e-5,1,2
dutch-11-134-143154,dutch,ja,ja,143154,143514,spreker2 [v] (TIE2),360,163,full,talk,2,77862,1.2112289194185375e-5,1,2
dutch-11-135-145210,dutch,ja,ja,145210,145489,spreker2 [v] (TIE2),279,-175,NA,talk,2,77862,1.2112289194185375e-5,1,3
dutch-11-138-148579,dutch,ja,ja,148579,148835,spreker2 [v] (TIE2),256,-1685,full,talk,2,77862,1.2112289194185375e-5,1,4
dutch-11-177-200100,dutch,ja,ja,200100,200437,spreker2 [v] (TIE2),337,NA,NA,talk,2,77862,1.2112289194185375e-5,1,2
dutch-11-206-241550,dutch,ja,ja,241550,242003,spreker1 [v] (TIE0),453,1573,NA,talk,2,77862,1.2112289194185375e-5,1,2
dutch-11-261-310069,dutch,ja,ja,310069,310383,spreker2 [v] (TIE2),314,0,NA,talk,2,77862,1.2112289194185375e-5,1,2
dutch-11-272-324169,dutch,ja,ja,324169,324797,spreker2 [v] (TIE2),628,-1720,full,talk,2,77862,1.2112289194185375e-5,1,2
dutch-11-281-334599,dutch,ja,ja,334599,335284.99999999994,spreker1 [v] (TIE0),685.9999999999418,34,full,talk,2,77862,1.2112289194185375e-5,1,2
dutch-11-283-337573,dutch,ja,ja,337573,338061,spreker1 [v] (TIE0),488,-1859,full,talk,2,77862,1.2112289194185375e-5,1,3
dutch-11-284-338665,dutch,ja,ja,338665,338921,spreker1 [v] (TIE0),256,-767,full,talk,2,77862,1.2112289194185375e-5,1,4
dutch-11-285-339548,dutch,ja,ja,339548,339850,spreker1 [v] (TIE0),302,116,NA,talk,2,77862,1.2112289194185375e-5,1,5
dutch-11-286-340462,dutch,ja,ja,340462,340776,spreker1 [v] (TIE0),314,NA,NA,talk,2,77862,1.2112289194185375e-5,1,6
dutch-11-288-341845,dutch,ja,ja,341845,342228,spreker1 [v] (TIE0),383,-2660,full,talk,2,77862,1.2112289194185375e-5,1,7
dutch-11-289-343297,dutch,ja,ja,343297,343680,spreker1 [v] (TIE0),383,-1208,full,talk,2,77862,1.2112289194185375e-5,1,8
dutch-11-300-357136,dutch,ja,ja,357136,357357,spreker2 [v] (TIE2),221,105,NA,talk,2,77862,1.2112289194185375e-5,1,2
dutch-11-309-365514,dutch,ja,ja,365514,365735,spreker2 [v] (TIE2),221,-837,full,talk,2,77862,1.2112289194185375e-5,1,2
dutch-11-324-389315,dutch,ja,ja,389315,389547,spreker2 [v] (TIE2),232,-46,NA,talk,2,77862,1.2112289194185375e-5,1,2
dutch-11-326-390268,dutch,ja,ja,390268,390500,spreker2 [v] (TIE2),232,-1756,full,talk,2,77862,1.2112289194185375e-5,1,3
dutch-11-327-391643,dutch,ja,ja,391643,391862,spreker2 [v] (TIE2),219,-381,full,talk,2,77862,1.2112289194185375e-5,1,4
dutch-11-328-392220,dutch,ja,ja,392220,392416,spreker2 [v] (TIE2),196,196,NA,talk,2,77862,1.2112289194185375e-5,1,5
dutch-11-333-395578,dutch,nee,nee,395578,395797,spreker2 [v] (TIE2),219,-126,partial,talk,3,9041,1.4064268398529449e-6,2,2
dutch-11-337-398765,dutch,ja,ja,398765,399031,spreker1 [v] (TIE0),266,-843,full,talk,2,77862,1.2112289194185375e-5,1,2
dutch-11-338-399365,dutch,ja,ja,399365,399677,spreker1 [v] (TIE0),312,-243,NA,talk,2,77862,1.2112289194185375e-5,1,3
dutch-11-342-402088,dutch,ja,ja,402088,402411,spreker1 [v] (TIE0),323,196,NA,talk,2,77862,1.2112289194185375e-5,1,2
dutch-11-355-414142,dutch,ja,ja,414142,414511,spreker2 [v] (TIE2),369,23,full,talk,2,77862,1.2112289194185375e-5,1,2
dutch-11-363-424581,dutch,ja,ja,424581,424961,spreker2 [v] (TIE2),380,331,NA,talk,2,77862,1.2112289194185375e-5,1,2
dutch-11-368-432750,dutch,ja,ja,432750,433200,spreker2 [v] (TIE2),450,-565,full,talk,2,77862,1.2112289194185375e-5,1,3
dutch-11-369-433350,dutch,ja,ja,433350,433673,spreker2 [v] (TIE2),323,35,NA,talk,2,77862,1.2112289194185375e-5,1,4
dutch-11-370-433858,dutch,[laugh] ja,ja,433858,435180,spreker2 [v] (TIE2),1322,NA,NA,talk,2,77862,1.2112289194185375e-5,1,5
dutch-11-376-439403,dutch,ja,ja,439403,439819,spreker1 [v] (TIE0),416,-1904,full,talk,2,77862,1.2112289194185375e-5,1,2
dutch-11-381-445619,dutch,ja,ja,445619,445930,spreker1 [v] (TIE0),311,-196,partial,talk,2,77862,1.2112289194185375e-5,1,3
dutch-11-383-447199,dutch,ja,ja,447199,447603,spreker1 [v] (TIE0),404,-243,partial,talk,2,77862,1.2112289194185375e-5,1,4
dutch-11-388-453800,dutch,ja,ja,453800,454158,spreker1 [v] (TIE0),358,346,NA,talk,2,77862,1.2112289194185375e-5,1,5
dutch-11-390-456188,dutch,ja,ja,456188,456638,spreker1 [v] (TIE0),450,-81,partial,talk,2,77862,1.2112289194185375e-5,1,6
dutch-11-400-466511,dutch,ja,ja,466511,466765,spreker2 [v] (TIE2),254,-1650,full,talk,2,77862,1.2112289194185375e-5,1,2
dutch-11-402-469350,dutch,ja,ja,469350,469650,spreker2 [v] (TIE2),300,-150,partial,talk,2,77862,1.2112289194185375e-5,1,3
dutch-11-432-505562,dutch,ja,ja,505562,505919,spreker2 [v] (TIE2),357,-392,full,talk,2,77862,1.2112289194185375e-5,1,2
dutch-11-434-506612,dutch,ja,ja,506612,507212,spreker2 [v] (TIE2),600,658,full,talk,2,77862,1.2112289194185375e-5,1,3
dutch-11-450-530264,dutch,ja,ja,530264,530587,spreker2 [v] (TIE2),323,-415,full,talk,2,77862,1.2112289194185375e-5,1,2
dutch-11-462-546589,dutch,ja,ja,546589,546889,spreker2 [v] (TIE2),300,-462,full,talk,2,77862,1.2112289194185375e-5,1,2
dutch-11-464-547524,dutch,ja,ja,547524,547858,spreker2 [v] (TIE2),334,-1200,full,talk,2,77862,1.2112289194185375e-5,1,3
dutch-11-465-548458,dutch,ja,ja,548458,548735,spreker2 [v] (TIE2),277,-266,NA,talk,2,77862,1.2112289194185375e-5,1,4
dutch-11-502-590389,dutch,ja,ja,590389,590678,spreker2 [v] (TIE2),289,-300,full,talk,2,77862,1.2112289194185375e-5,1,2
dutch-11-503-591670,dutch,ja,ja,591670,592005,spreker2 [v] (TIE2),335,981,NA,talk,2,77862,1.2112289194185375e-5,1,3
dutch-11-539-637233,dutch,nee,nee,637233,637810,spreker1 [v] (TIE0),577,-485,NA,talk,3,9041,1.4064268398529449e-6,2,2
dutch-11-583-693999,dutch,ja,ja,693999,694206,spreker2 [v] (TIE2),207,-565,full,talk,2,77862,1.2112289194185375e-5,1,2
dutch-11-597-711254,dutch,ja,ja,711254,711542,spreker1 [v] (TIE0),288,-669,full,talk,2,77862,1.2112289194185375e-5,1,2
dutch-11-599-712892,dutch,ja,ja,712892,713262,spreker1 [v] (TIE0),370,-162,partial,talk,2,77862,1.2112289194185375e-5,1,3
dutch-11-605-719973,dutch,nee,nee,719973,720388,spreker2 [v] (TIE2),415,-196,partial,talk,3,9041,1.4064268398529449e-6,2,2
dutch-11-637-752436,dutch,ja,ja,752436,752713,spreker1 [v] (TIE0),277,34,NA,talk,2,77862,1.2112289194185375e-5,1,2
dutch-11-639-753925,dutch,ja,ja,753925,754236,spreker1 [v] (TIE0),311,35,NA,talk,2,77862,1.2112289194185375e-5,1,3
dutch-11-642-758414,dutch,ja,ja,758414,758864,spreker2 [v] (TIE2),450,-23,partial,talk,2,77862,1.2112289194185375e-5,1,2
dutch-11-678-798373,dutch,ja,ja,798373,798788,spreker1 [v] (TIE0),415,-58,partial,talk,2,77862,1.2112289194185375e-5,1,2
dutch-11-750-889954,dutch,hum,hum,889954,890372,spreker1 [v] (TIE0),418,203,full,talk,3,747,1.1620405368544957e-7,27,2
dutch-12-063-88783,dutch,ja,ja,88783,88985,spreker2 [v] (TIE2),202,154,NA,talk,2,77862,1.2112289194185375e-5,1,2
dutch-12-065-90841,dutch,[laugh] ja,ja,90841,91316,spreker2 [v] (TIE2),474.99999999998545,-653.9999999999854,full,talk,2,77862,1.2112289194185375e-5,1,3
dutch-12-066-91316,dutch,ja,ja,91316,91745,spreker2 [v] (TIE2),429,-179,NA,talk,2,77862,1.2112289194185375e-5,1,4
dutch-12-086-123504,dutch,ja,ja,123504,123778,spreker1 [v] (TIE0),274,602,NA,talk,2,77862,1.2112289194185375e-5,1,2
dutch-12-098-138392,dutch,ja,ja,138392,138987,spreker2 [v] (TIE2),595,-298,partial,talk,2,77862,1.2112289194185375e-5,1,2
dutch-12-103-143146,dutch,oké [laugh],oké,143146.00000000003,144775,spreker1 [v] (TIE0),1628.999999999971,119.0000000000291,NA,talk,3,89,1.3844927413661329e-8,124,2
dutch-12-117-163491,dutch,ja,ja,163491,164192.99999999997,spreker1 [v] (TIE0),701.9999999999709,-393,partial,talk,2,77862,1.2112289194185375e-5,1,2
dutch-12-163-225346,dutch,ja,ja,225346,225572,spreker1 [v] (TIE0),226,346,NA,talk,2,77862,1.2112289194185375e-5,1,2
dutch-12-165-226751,dutch,ja,ja,226751,226953,spreker1 [v] (TIE0),202,119,NA,talk,2,77862,1.2112289194185375e-5,1,3
dutch-12-186-256612,dutch,ja,ja,256612.00000000003,256839,spreker1 [v] (TIE0),226.9999999999709,-750.9999999999709,full,talk,2,77862,1.2112289194185375e-5,1,2
dutch-12-187-257482,dutch,ja,ja,257481.99999999997,257660.00000000003,spreker1 [v] (TIE0),178.0000000000582,118.9999999999709,NA,talk,2,77862,1.2112289194185375e-5,1,3
dutch-12-189-258994,dutch,ja,ja,258994.00000000003,259589,spreker1 [v] (TIE0),594.9999999999709,83.0000000000291,NA,talk,2,77862,1.2112289194185375e-5,1,4
dutch-12-191-261280,dutch,ja,ja,261279.99999999997,261637.99999999997,spreker1 [v] (TIE0),358,202,NA,talk,2,77862,1.2112289194185375e-5,1,5
dutch-12-193-262316,dutch,ja,ja,262316,262566,spreker1 [v] (TIE0),250,107,NA,talk,2,77862,1.2112289194185375e-5,1,6
dutch-12-228-303049,dutch,ja,ja,303049,303382,spreker2 [v] (TIE2),333,357,NA,talk,2,77862,1.2112289194185375e-5,1,2
dutch-12-243-321085,dutch,ja,ja,321085,321240,spreker1 [v] (TIE0),155,286,NA,talk,2,77862,1.2112289194185375e-5,1,2
dutch-12-248-325927,dutch,ja,ja,325927,326154,spreker1 [v] (TIE0),227,166,NA,talk,2,77862,1.2112289194185375e-5,1,3
dutch-12-251-329809,dutch,ja,ja,329809,330047,spreker1 [v] (TIE0),238,131,NA,talk,2,77862,1.2112289194185375e-5,1,4
dutch-12-265-349921,dutch,oké,oké,349921,350433,spreker1 [v] (TIE0),512,370,NA,talk,3,89,1.3844927413661329e-8,124,2
dutch-12-270-356732,dutch,ja,ja,356732,356947,spreker1 [v] (TIE0),215,12,NA,talk,2,77862,1.2112289194185375e-5,1,3
dutch-12-272-359400,dutch,ja,ja,359400,359543,spreker1 [v] (TIE0),143,215,NA,talk,2,77862,1.2112289194185375e-5,1,4
dutch-12-281-368636,dutch,ja,ja,368636,368934,spreker1 [v] (TIE0),298,393,full,talk,2,77862,1.2112289194185375e-5,1,2
dutch-12-331-433071,dutch,ja,ja,433071,433273,spreker1 [v] (TIE0),202,-47,NA,talk,2,77862,1.2112289194185375e-5,1,2
dutch-12-342-445986,dutch,hum,hum,445986,446427,spreker1 [v] (TIE0),441,35,NA,talk,3,747,1.1620405368544957e-7,27,2
dutch-12-368-472261,dutch,ja,ja,472261,472761,spreker2 [v] (TIE2),500,12,NA,talk,2,77862,1.2112289194185375e-5,1,2
dutch-12-371-474309,dutch,ja,ja,474308.99999999994,474571,spreker2 [v] (TIE2),262.0000000000582,142.9999999999418,full,talk,2,77862,1.2112289194185375e-5,1,3
dutch-12-372-475810,dutch,ja,ja,475810,476108,spreker2 [v] (TIE2),298,-310,full,talk,2,77862,1.2112289194185375e-5,1,4
dutch-12-430-543705,dutch,ja,ja,543705,544086,spreker2 [v] (TIE2),381,262,NA,talk,2,77862,1.2112289194185375e-5,1,2
dutch-12-433-545849,dutch,ja,ja,545849,546206,spreker2 [v] (TIE2),357,-274,partial,talk,2,77862,1.2112289194185375e-5,1,3
dutch-12-435-546908,dutch,ja,ja,546908,547206,spreker2 [v] (TIE2),298,-48,partial,talk,2,77862,1.2112289194185375e-5,1,4
dutch-12-439-550076,dutch,ja,ja,550076,550266,spreker1 [v] (TIE0),190,-167,NA,talk,2,77862,1.2112289194185375e-5,1,2
dutch-12-441-550671,dutch,ja,ja,550671,550862,spreker1 [v] (TIE0),191,-167,partial,talk,2,77862,1.2112289194185375e-5,1,3
dutch-12-451-562695,dutch,ja,ja,562695,563076,spreker1 [v] (TIE0),381,774,NA,talk,2,77862,1.2112289194185375e-5,1,2
dutch-12-478-594101,dutch,ja,ja,594101,594375,spreker1 [v] (TIE0),274,-382,full,talk,2,77862,1.2112289194185375e-5,1,2
dutch-12-481-598412,dutch,ja,ja,598412,598579,spreker1 [v] (TIE0),167,143,NA,talk,2,77862,1.2112289194185375e-5,1,3
dutch-12-484-602885,dutch,ja,ja,602885,603123,spreker1 [v] (TIE0),238,178,NA,talk,2,77862,1.2112289194185375e-5,1,4
dutch-12-496-617789,dutch,ja,ja,617789,618202,spreker1 [v] (TIE0),413,-378,partial,talk,2,77862,1.2112289194185375e-5,1,2
dutch-12-504-625596,dutch,ja,ja,625596,626422,spreker1 [v] (TIE0),826,-265,NA,talk,2,77862,1.2112289194185375e-5,1,2
dutch-12-507-628424,dutch,ja,ja,628424,628621,spreker1 [v] (TIE0),197,186,NA,talk,2,77862,1.2112289194185375e-5,1,3
dutch-12-509-629723,dutch,ja,ja,629723,630170,spreker1 [v] (TIE0),447,-103,partial,talk,2,77862,1.2112289194185375e-5,1,4
dutch-12-511-631684,dutch,ja,ja,631684,632372,spreker1 [v] (TIE0),688,515,NA,talk,2,77862,1.2112289194185375e-5,1,5
dutch-12-521-643895,dutch,ja,ja,643895,644162,spreker2 [v] (TIE2),267,-163,NA,talk,2,77862,1.2112289194185375e-5,1,2
dutch-12-524-645862,dutch,ja,ja,645862,646163,spreker2 [v] (TIE2),301,0,NA,talk,2,77862,1.2112289194185375e-5,1,3
dutch-12-526-647589,dutch,ja,ja,647589,647891,spreker2 [v] (TIE2),302,-37,partial,talk,2,77862,1.2112289194185375e-5,1,4
dutch-12-528-649305,dutch,ja,ja,649305,649630,spreker2 [v] (TIE2),325,845.9999999998836,NA,talk,2,77862,1.2112289194185375e-5,1,5
dutch-12-553-673884,dutch,ja,ja,673884,674139,spreker1 [v] (TIE0),255,162,NA,talk,2,77862,1.2112289194185375e-5,1,2
dutch-12-555-675067,dutch,ja,ja,675067,675253,spreker1 [v] (TIE0),186,116,NA,talk,2,77862,1.2112289194185375e-5,1,3
dutch-12-570-694114,dutch,hum,hum,694114,694601,spreker2 [v] (TIE2),487,-1426,full,talk,3,747,1.1620405368544957e-7,27,2
dutch-12-579-706361,dutch,hum,hum,706361,706685,spreker2 [v] (TIE2),324,70.00000000011642,NA,talk,3,747,1.1620405368544957e-7,27,2
dutch-12-627-770332,dutch,ja,ja,770332,770818,spreker2 [v] (TIE2),486,-1460,full,talk,2,77862,1.2112289194185375e-5,1,2
dutch-12-690-838448,dutch,ja,ja,838448,838668,spreker1 [v] (TIE0),220,-23,partial,talk,2,77862,1.2112289194185375e-5,1,2
dutch-12-692-839897,dutch,ja,ja,839897,840129,spreker1 [v] (TIE0),232,104,NA,talk,2,77862,1.2112289194185375e-5,1,3
dutch-12-695-844302,dutch,ja,ja,844302,844500,spreker1 [v] (TIE0),198,-777,full,talk,2,77862,1.2112289194185375e-5,1,4
dutch-12-697-846644,dutch,ja,ja,846644,846911,spreker1 [v] (TIE0),267,-580,full,talk,2,77862,1.2112289194185375e-5,1,5
dutch-12-699-847711,dutch,ja,ja,847711,847931,spreker1 [v] (TIE0),220,-1159,full,talk,2,77862,1.2112289194185375e-5,1,6
dutch-12-700-848684,dutch,ja,ja,848684,848847,spreker1 [v] (TIE0),163,-186,full,talk,2,77862,1.2112289194185375e-5,1,7
dutch-12-740-895321,dutch,ja,ja,895321,895540.9999999999,spreker1 [v] (TIE0),219.9999999998836,406,NA,talk,2,77862,1.2112289194185375e-5,1,2
dutch-12-742-896306,dutch,ja,ja,896306,896561,spreker1 [v] (TIE0),255,-197,partial,talk,2,77862,1.2112289194185375e-5,1,3
dutch-13-096-125037,dutch,ja,ja,125037,125480,spreker1 [v] (TIE0),443,946,NA,talk,2,77862,1.2112289194185375e-5,1,2
dutch-13-099-130845,dutch,ja,ja,130845,131118,spreker1 [v] (TIE0),273,443.00000000001455,NA,talk,2,77862,1.2112289194185375e-5,1,3
dutch-13-177-227358,dutch,ja,ja,227358,227478.99999999997,spreker1 [v] (TIE0),120.9999999999709,-297,full,talk,2,77862,1.2112289194185375e-5,1,2
dutch-13-223-282144,dutch,hum,hum,282144,282453,spreker2 [v] (TIE2),309,705,NA,talk,3,747,1.1620405368544957e-7,27,2
dutch-13-352-455920,dutch,ja,ja,455920,456193,spreker1 [v] (TIE0),273,-1552,full,talk,2,77862,1.2112289194185375e-5,1,2
dutch-13-393-511027,dutch,ja,ja,511027,511254,spreker2 [v] (TIE2),227,NA,NA,talk,2,77862,1.2112289194185375e-5,1,2
dutch-13-422-553755,dutch,ja,ja,553755,554037,spreker2 [v] (TIE2),282,NA,NA,talk,2,77862,1.2112289194185375e-5,1,2
dutch-13-439-573292,dutch,ja,ja,573292,573563,spreker2 [v] (TIE2),271,384,NA,talk,2,77862,1.2112289194185375e-5,1,2
dutch-13-441-576544,dutch,ja,ja,576544,576849,spreker2 [v] (TIE2),305,-237,partial,talk,2,77862,1.2112289194185375e-5,1,3
dutch-13-442-577053,dutch,ja,ja,577053,577324,spreker2 [v] (TIE2),271,NA,NA,talk,2,77862,1.2112289194185375e-5,1,4
dutch-13-443-578318,dutch,[laugh] ja,ja,578318,580235,spreker2 [v] (TIE2),1917,NA,NA,talk,2,77862,1.2112289194185375e-5,1,5
dutch-13-461-602958,dutch,ja,ja,602958,603331,spreker1 [v] (TIE0),373,-1893,full,talk,2,77862,1.2112289194185375e-5,1,2
dutch-13-468-615093,dutch,ja,ja,615093,615262,spreker1 [v] (TIE0),169,34,NA,talk,2,77862,1.2112289194185375e-5,1,3
dutch-13-470-615987,dutch,ja,ja,615987,616404,spreker1 [v] (TIE0),417,928,full,talk,2,77862,1.2112289194185375e-5,1,4
dutch-13-518-680146,dutch,ja,ja,680146,680541,spreker1 [v] (TIE0),395,273,NA,talk,2,77862,1.2112289194185375e-5,1,2
dutch-13-523-684906,dutch,ja,ja,684906,685120,spreker1 [v] (TIE0),214,189,NA,talk,2,77862,1.2112289194185375e-5,1,3
dutch-13-550-720678,dutch,ja,ja,720678,720949,spreker2 [v] (TIE2),271,NA,NA,talk,2,77862,1.2112289194185375e-5,1,2
dutch-13-556-729282,dutch,ja,ja,729282,729824,spreker1 [v] (TIE0),542,-1333,full,talk,2,77862,1.2112289194185375e-5,1,2
dutch-13-557-730965,dutch,ja,ja,730965,731191,spreker1 [v] (TIE0),226,350,NA,talk,2,77862,1.2112289194185375e-5,1,3
dutch-13-567-742974,dutch,ja,ja,742974,743166,spreker1 [v] (TIE0),192,163,NA,talk,2,77862,1.2112289194185375e-5,1,2
dutch-13-631-830067,dutch,ja,ja,830067,830268,spreker1 [v] (TIE0),201,374,NA,talk,2,77862,1.2112289194185375e-5,1,2
dutch-13-634-831537,dutch,ja,ja,831537,831837,spreker1 [v] (TIE0),300,197,full,talk,2,77862,1.2112289194185375e-5,1,3
dutch-13-637-835269,dutch,ja,ja,835269,835536,spreker1 [v] (TIE0),267,241,NA,talk,2,77862,1.2112289194185375e-5,1,4
dutch-13-641-841612,dutch,ja,ja,841612,841857,spreker1 [v] (TIE0),245,-20,partial,talk,2,77862,1.2112289194185375e-5,1,5
dutch-13-654-855360,dutch,ja,ja,855360,855649,spreker1 [v] (TIE0),289,-379,full,talk,2,77862,1.2112289194185375e-5,1,2
dutch-13-677-884780,dutch,ja,ja,884780,885069,spreker1 [v] (TIE0),289,167,NA,talk,2,77862,1.2112289194185375e-5,1,2
dutch-14-010-15556,dutch,leuk,leuk,15556,15954,spreker1 [v] (TIE0),398,-92,NA,talk,4,246,3.8268001615288617e-8,58,2
dutch-14-029-31737,dutch,ja,ja,31737,32293.999999999996,spreker2 [v] (TIE2),556.9999999999964,-193,NA,talk,2,77862,1.2112289194185375e-5,1,2
dutch-14-122-145833,dutch,ja,ja,145833,146357,spreker1 [v] (TIE0),524,-386,partial,talk,2,77862,1.2112289194185375e-5,1,2
dutch-14-128-153648,dutch,ja,ja,153648,154035,spreker1 [v] (TIE0),387,1,full,talk,2,77862,1.2112289194185375e-5,1,3
dutch-14-244-306326,dutch,ja,ja,306326,306709,spreker1 [v] (TIE0),383,-34,partial,talk,2,77862,1.2112289194185375e-5,1,2
dutch-14-304-374676,dutch,ja,ja,374676,374991,spreker1 [v] (TIE0),315,-1599,full,talk,2,77862,1.2112289194185375e-5,1,2
dutch-14-351-422661,dutch,ja?,ja?,422661,423161,spreker2 [v] (TIE2),500,0,NA,talk,3,69,1.0733707770141928e-8,139,2
dutch-14-470-561026,dutch,ja,ja,561026,561285,spreker1 [v] (TIE0),259,-11,partial,talk,2,77862,1.2112289194185375e-5,1,2
dutch-14-472-562028,dutch,ja,ja,562028,562344,spreker1 [v] (TIE0),316,202,NA,talk,2,77862,1.2112289194185375e-5,1,3
dutch-14-479-572359,dutch,nee,nee,572359,572629,spreker1 [v] (TIE0),270,293,NA,talk,3,9041,1.4064268398529449e-6,2,2
dutch-14-541-643309,dutch,dat is heel makkelijk,dat is heel makkelijk,643309,644488,spreker2 [v] (TIE2),1179,-1269,full,talk,21,2,3.111219643519399e-10,204,2
dutch-14-664-785407,dutch,ja,ja,785407,785740,spreker1 [v] (TIE0),333,-35,NA,talk,2,77862,1.2112289194185375e-5,1,2
dutch-14-666-787040,dutch,ja,ja,787040,787281,spreker1 [v] (TIE0),241,58,NA,talk,2,77862,1.2112289194185375e-5,1,3
dutch-15-011-18386,dutch,ja ja,ja ja,18386,18944,spreker1 [v] (TIE0),558,697,NA,talk,5,7128,1.108838680950314e-6,4,2
dutch-15-034-39906,dutch,ja,ja,39906,40289,spreker1 [v] (TIE0),383,-267,partial,talk,2,77862,1.2112289194185375e-5,1,2
dutch-15-044-50064,dutch,ja,ja,50064,50505,spreker2 [v] (TIE2),441,NA,NA,talk,2,77862,1.2112289194185375e-5,1,2
dutch-15-057-68989,dutch,ja,ja,68989,69268,spreker1 [v] (TIE0),279,-291,full,talk,2,77862,1.2112289194185375e-5,1,2
dutch-15-059-69745,dutch,ja,ja,69745,69930,spreker1 [v] (TIE0),185,-441,full,talk,2,77862,1.2112289194185375e-5,1,3
dutch-15-062-72800,dutch,ja ja,ja ja,72800,73299,spreker1 [v] (TIE0),499,47,NA,talk,5,7128,1.108838680950314e-6,4,4
dutch-15-069-83089,dutch,ja ja,ja ja,83089,83588,spreker1 [v] (TIE0),499,-383.00000000001455,partial,talk,5,7128,1.108838680950314e-6,4,5
dutch-15-092-108562,dutch,ja,ja,108562,108899,spreker1 [v] (TIE0),337,-268,partial,talk,2,77862,1.2112289194185375e-5,1,2
dutch-15-098-116446,dutch,ja,ja,116446,116772,spreker1 [v] (TIE0),325.99999999998545,-1033.9999999999854,full,talk,2,77862,1.2112289194185375e-5,1,3
dutch-15-099-117062,dutch,ja,ja,117062,117399,spreker1 [v] (TIE0),337,-417.99999999998545,full,talk,2,77862,1.2112289194185375e-5,1,4
dutch-15-117-137333,dutch,ja,ja,137333,137740,spreker1 [v] (TIE0),407,-326,partial,talk,2,77862,1.2112289194185375e-5,1,2
dutch-15-119-140249,dutch,ja,ja,140249,140644,spreker1 [v] (TIE0),395,-755,full,talk,2,77862,1.2112289194185375e-5,1,3
dutch-15-146-171099,dutch,ja,ja,171099,171355,spreker1 [v] (TIE0),256,69,NA,talk,2,77862,1.2112289194185375e-5,1,2
dutch-15-153-176978,dutch,ja,ja,176978,177268,spreker1 [v] (TIE0),290,99,full,talk,2,77862,1.2112289194185375e-5,1,2
dutch-15-165-188429,dutch,ja,ja,188429,188812,spreker1 [v] (TIE0),383,-441,full,talk,2,77862,1.2112289194185375e-5,1,2
dutch-15-182-208470,dutch,nee,nee,208470,208795.00000000003,spreker1 [v] (TIE0),325.0000000000291,-34,partial,talk,3,9041,1.4064268398529449e-6,2,2
dutch-15-202-231882,dutch,ja,ja,231882,232161,spreker1 [v] (TIE0),279,-267,partial,talk,2,77862,1.2112289194185375e-5,1,2
dutch-15-204-235089,dutch,ja,ja,235089,235437,spreker1 [v] (TIE0),348,535,NA,talk,2,77862,1.2112289194185375e-5,1,3
dutch-15-213-249402,dutch,nee,nee,249402,249750,spreker1 [v] (TIE0),348,-476,full,talk,3,9041,1.4064268398529449e-6,2,4
dutch-15-214-250122,dutch,nee,nee,250122,250482,spreker1 [v] (TIE0),360,244,NA,talk,3,9041,1.4064268398529449e-6,2,5
dutch-15-217-252113,dutch,ja,ja,252113,252369,spreker1 [v] (TIE0),256,58,NA,talk,2,77862,1.2112289194185375e-5,1,6
dutch-15-219-253031,dutch,ja,ja,253031,253264,spreker1 [v] (TIE0),233,-186,partial,talk,2,77862,1.2112289194185375e-5,1,7
dutch-15-221-254437,dutch,ja,ja,254437,254785,spreker1 [v] (TIE0),348,58,NA,talk,2,77862,1.2112289194185375e-5,1,8
dutch-15-231-267414,dutch,ja,ja,267414,267669,spreker1 [v] (TIE0),255,-209,partial,talk,2,77862,1.2112289194185375e-5,1,9
dutch-15-232-268320,dutch,ja,ja,268320,268587,spreker1 [v] (TIE0),267,NA,NA,talk,2,77862,1.2112289194185375e-5,1,10
dutch-15-243-282641,dutch,ja,ja,282641,283001,spreker1 [v] (TIE0),360,163,full,talk,2,77862,1.2112289194185375e-5,1,2
dutch-15-244-283001,dutch,ja,ja,283001,283582,spreker1 [v] (TIE0),581,-883,full,talk,2,77862,1.2112289194185375e-5,1,3
dutch-15-259-307654,dutch,hum hum,hum hum,307654,308049,spreker2 [v] (TIE2),395,-81,partial,talk,7,98,1.5244976253245058e-8,115,2
dutch-15-271-322787,dutch,hum,hum,322787,323205,spreker1 [v] (TIE0),418,-545.9999999999418,full,talk,3,747,1.1620405368544957e-7,27,2
dutch-15-276-328715,dutch,hum,hum,328715,329133,spreker1 [v] (TIE0),418,93,partial,talk,3,747,1.1620405368544957e-7,27,3
dutch-15-289-354530,dutch,ja,ja,354530,355030,spreker1 [v] (TIE0),500,-232,partial,talk,2,77862,1.2112289194185375e-5,1,4
dutch-15-291-355030,dutch,ja,ja,355030,355308,spreker1 [v] (TIE0),278,-1184,full,talk,2,77862,1.2112289194185375e-5,1,5
dutch-15-306-372127,dutch,ja,ja,372127,372452,spreker1 [v] (TIE0),325,32,NA,talk,2,77862,1.2112289194185375e-5,1,2
dutch-15-309-375228,dutch,ja,ja,375228,375577,spreker1 [v] (TIE0),349,-779,full,talk,2,77862,1.2112289194185375e-5,1,3
dutch-15-315-381095,dutch,ja,ja,381095,381490,spreker1 [v] (TIE0),395,-182,NA,talk,2,77862,1.2112289194185375e-5,1,2
dutch-15-320-383961,dutch,ja,ja,383961,384297,spreker1 [v] (TIE0),336,-174,NA,talk,2,77862,1.2112289194185375e-5,1,2
dutch-15-330-399686,dutch,ja,ja,399686,399965.00000000006,spreker2 [v] (TIE2),279.0000000000582,127.0000000000582,NA,talk,2,77862,1.2112289194185375e-5,1,2
dutch-15-343-413340,dutch,ja,ja,413340.00000000006,413596,spreker1 [v] (TIE0),255.9999999999418,93.0000000000582,NA,talk,2,77862,1.2112289194185375e-5,1,2
dutch-15-346-418034,dutch,ja,ja,418034,418452,spreker1 [v] (TIE0),418,-453,full,talk,2,77862,1.2112289194185375e-5,1,3
dutch-15-355-428025,dutch,ja,ja,428025,428234,spreker1 [v] (TIE0),209,535,full,talk,2,77862,1.2112289194185375e-5,1,2
dutch-15-356-429480,dutch,ja,ja,429480,429829,spreker1 [v] (TIE0),349,-325,NA,talk,2,77862,1.2112289194185375e-5,1,3
dutch-15-358-431025,dutch,ja,ja,431025,431327,spreker1 [v] (TIE0),302,-12,partial,talk,2,77862,1.2112289194185375e-5,1,4
dutch-15-384-458950,dutch,ja,ja,458950,459275,spreker1 [v] (TIE0),325,-558,full,talk,2,77862,1.2112289194185375e-5,1,2
dutch-15-410-489884,dutch,[laugh] ja,ja,489884,491371,spreker1 [v] (TIE0),1487,-952,NA,talk,2,77862,1.2112289194185375e-5,1,2
dutch-15-418-497282,dutch,ja,ja,497282,497619,spreker1 [v] (TIE0),337,-453,full,talk,2,77862,1.2112289194185375e-5,1,2
dutch-15-426-506399,dutch,ja,ja,506399,506655,spreker2 [v] (TIE2),256,0,NA,talk,2,77862,1.2112289194185375e-5,1,2
dutch-15-433-512734,dutch,ja,ja,512734.00000000006,513094.00000000006,spreker1 [v] (TIE0),360,-33.99999999994179,NA,talk,2,77862,1.2112289194185375e-5,1,2
dutch-15-436-514662,dutch,ja,ja,514662.00000000006,515034,spreker1 [v] (TIE0),371.9999999999418,-1591.9999999999418,full,talk,2,77862,1.2112289194185375e-5,1,3
dutch-15-437-516288,dutch,ja,ja,516288,516509,spreker1 [v] (TIE0),221,34,NA,talk,2,77862,1.2112289194185375e-5,1,4
dutch-15-444-522719,dutch,ja,ja,522719.00000000006,523126,spreker1 [v] (TIE0),406.9999999999418,-464.9999999998836,full,talk,2,77862,1.2112289194185375e-5,1,5
dutch-15-451-530652,dutch,ja,ja,530652,530966,spreker1 [v] (TIE0),314,-302,NA,talk,2,77862,1.2112289194185375e-5,1,2
dutch-15-525-630807,dutch,ja,ja,630807,631168,spreker1 [v] (TIE0),361,-535,full,talk,2,77862,1.2112289194185375e-5,1,2
dutch-15-527-631971,dutch,ja,ja,631971,632285,spreker1 [v] (TIE0),314,-488.0000000001164,full,talk,2,77862,1.2112289194185375e-5,1,3
dutch-15-555-663554,dutch,ja,ja,663554,663821,spreker1 [v] (TIE0),267,47,NA,talk,2,77862,1.2112289194185375e-5,1,2
dutch-15-558-667241,dutch,ja,ja,667241,667555,spreker1 [v] (TIE0),314,559,NA,talk,2,77862,1.2112289194185375e-5,1,3
dutch-15-572-682963,dutch,ja,ja,682963,683254,spreker2 [v] (TIE2),291,-791,full,talk,2,77862,1.2112289194185375e-5,1,2
dutch-15-578-689268,dutch,ja,ja,689268,689594,spreker1 [v] (TIE0),326,70,NA,talk,2,77862,1.2112289194185375e-5,1,2
dutch-15-594-708503,dutch,ja,ja,708503,708771,spreker1 [v] (TIE0),268,116,full,talk,2,77862,1.2112289194185375e-5,1,2
dutch-15-600-717321,dutch,ja,ja,717321,717577,spreker1 [v] (TIE0),256,-558,full,talk,2,77862,1.2112289194185375e-5,1,2
dutch-15-602-719042,dutch,ja,ja,719042,719333,spreker1 [v] (TIE0),291,-775,full,talk,2,77862,1.2112289194185375e-5,1,3
dutch-15-612-730685,dutch,nee,nee,730685,731313,spreker2 [v] (TIE2),628,35,full,talk,3,9041,1.4064268398529449e-6,2,2
dutch-15-629-750443,dutch,ja,ja,750443,750723,spreker1 [v] (TIE0),280,-501,full,talk,2,77862,1.2112289194185375e-5,1,2
dutch-15-631-752758,dutch,ja,ja,752758,753014,spreker1 [v] (TIE0),256,-70,partial,talk,2,77862,1.2112289194185375e-5,1,3
dutch-15-635-755980,dutch,ja,ja,755980,756224,spreker1 [v] (TIE0),244,-1501,full,talk,2,77862,1.2112289194185375e-5,1,4
dutch-15-636-757364,dutch,ja,ja,757364,757620,spreker1 [v] (TIE0),256,-117,NA,talk,2,77862,1.2112289194185375e-5,1,5
dutch-15-639-759629,dutch,ja,ja,759629,759850,spreker1 [v] (TIE0),221,-570,full,talk,2,77862,1.2112289194185375e-5,1,6
dutch-15-641-762502,dutch,ja,ja,762502,762746,spreker1 [v] (TIE0),244,210,NA,talk,2,77862,1.2112289194185375e-5,1,7
dutch-15-643-763735,dutch,ja,ja,763735,763967,spreker1 [v] (TIE0),232,-1128,full,talk,2,77862,1.2112289194185375e-5,1,8
dutch-15-645-766631,dutch,ja,ja,766631,766957,spreker1 [v] (TIE0),326,303,NA,talk,2,77862,1.2112289194185375e-5,1,9
dutch-15-654-777247,dutch,ja,ja,777247,777573,spreker1 [v] (TIE0),326,NA,NA,talk,2,77862,1.2112289194185375e-5,1,2
dutch-15-671-803431,dutch,ja,ja,803431,803676,spreker2 [v] (TIE2),245,70,NA,talk,2,77862,1.2112289194185375e-5,1,2
dutch-15-681-814175,dutch,ja,ja,814175,814489,spreker2 [v] (TIE2),314,100,full,talk,2,77862,1.2112289194185375e-5,1,2
dutch-15-694-832468,dutch,ja,ja,832468,832794,spreker1 [v] (TIE0),326,139,partial,talk,2,77862,1.2112289194185375e-5,1,2
dutch-15-700-838017,dutch,ja,ja,838017,838366,spreker1 [v] (TIE0),349,244,NA,talk,2,77862,1.2112289194185375e-5,1,3
dutch-15-714-853700,dutch,ja,ja,853700,853956,spreker1 [v] (TIE0),256,-652,full,talk,2,77862,1.2112289194185375e-5,1,2
dutch-15-716-855887,dutch,ja,ja,855887,856178,spreker1 [v] (TIE0),291,-349,full,talk,2,77862,1.2112289194185375e-5,1,3
dutch-15-718-856980,dutch,ja,ja,856980,857248,spreker1 [v] (TIE0),268,-1071,full,talk,2,77862,1.2112289194185375e-5,1,4
dutch-15-719-857981,dutch,ja,ja,857981,858190,spreker1 [v] (TIE0),209,-70,NA,talk,2,77862,1.2112289194185375e-5,1,5
dutch-15-727-867554,dutch,ja,ja,867554,868008,spreker2 [v] (TIE2),454,-326,partial,talk,2,77862,1.2112289194185375e-5,1,2
dutch-15-730-871237,dutch,ja,ja,871237,871796,spreker2 [v] (TIE2),559,-1001,full,talk,2,77862,1.2112289194185375e-5,1,3
dutch-15-739-883098,dutch,ja,ja,883098,883342,spreker1 [v] (TIE0),244,-814,full,talk,2,77862,1.2112289194185375e-5,1,2
dutch-15-741-885924,dutch,ja,ja,885924,886215,spreker1 [v] (TIE0),291,-384,full,talk,2,77862,1.2112289194185375e-5,1,3
dutch-15-742-886622,dutch,ja,ja,886622,886855,spreker1 [v] (TIE0),233,314,NA,talk,2,77862,1.2112289194185375e-5,1,4
dutch-15-746-891869,dutch,ja,ja,891869,892276,spreker1 [v] (TIE0),407,-1256,full,talk,2,77862,1.2112289194185375e-5,1,5
dutch-15-747-893090,dutch,ja,ja,893090,893462,spreker1 [v] (TIE0),372,-35,NA,talk,2,77862,1.2112289194185375e-5,1,6
dutch-16-004-2409,dutch,ja,ja,2409,2721,spreker1 [v] (TIE0),312,-970,full,talk,2,77862,1.2112289194185375e-5,1,2
dutch-16-008-4997,dutch,ja,ja,4997,5320,spreker2 [v] (TIE2),323,-601,full,talk,2,77862,1.2112289194185375e-5,1,2
dutch-16-016-9456,dutch,ja,ja,9456,9734,spreker2 [v] (TIE2),278,-254,partial,talk,2,77862,1.2112289194185375e-5,1,2
dutch-16-018-12537,dutch,ja,ja,12537,12803,spreker2 [v] (TIE2),266,69,NA,talk,2,77862,1.2112289194185375e-5,1,3
dutch-16-044-45543,dutch,oké,oké,45543,45947,spreker1 [v] (TIE0),404,NA,NA,talk,3,89,1.3844927413661329e-8,124,2
dutch-16-059-61485,dutch,nee,nee,61485,61763,spreker1 [v] (TIE0),278,-820,full,talk,3,9041,1.4064268398529449e-6,2,2
dutch-16-060-63207,dutch,nee,nee,63207,63680,spreker1 [v] (TIE0),473,902,NA,talk,3,9041,1.4064268398529449e-6,2,3
dutch-16-093-106466,dutch,ja,ja,106466,106651,spreker2 [v] (TIE2),185,-276.99999999998545,full,talk,2,77862,1.2112289194185375e-5,1,2
dutch-16-140-164287,dutch,ja,ja,164287,164579.99999999997,spreker2 [v] (TIE2),292.9999999999709,-640,full,talk,2,77862,1.2112289194185375e-5,1,2
dutch-16-145-170946,dutch,ja,ja,170946,171304,spreker1 [v] (TIE0),358,508,NA,talk,2,77862,1.2112289194185375e-5,1,2
dutch-16-151-178983,dutch,nou mag jij eventjes,nou mag jij eventjes,178983,180265,spreker2 [v] (TIE2),1282,-188,NA,talk,20,2,3.111219643519399e-10,204,2
dutch-16-168-205566,dutch,ja,ja,205566,206132,spreker2 [v] (TIE2),566,-1513,full,talk,2,77862,1.2112289194185375e-5,1,2
dutch-16-169-206132,dutch,ja,ja,206132,206375,spreker2 [v] (TIE2),243,-947,full,talk,2,77862,1.2112289194185375e-5,1,3
dutch-16-177-215805,dutch,ja,ja,215805,216024,spreker2 [v] (TIE2),219,-1987,full,talk,2,77862,1.2112289194185375e-5,1,2
dutch-16-207-253941,dutch,ja,ja,253941,254265,spreker1 [v] (TIE0),324,NA,NA,talk,2,77862,1.2112289194185375e-5,1,2
dutch-16-224-274467,dutch,ja,ja,274467,274733,spreker2 [v] (TIE2),266,-23,NA,talk,2,77862,1.2112289194185375e-5,1,2
dutch-16-228-277571,dutch,ja,ja,277571,277975,spreker2 [v] (TIE2),404,485,full,talk,2,77862,1.2112289194185375e-5,1,3
dutch-16-236-290575,dutch,ja,ja,290575,290795,spreker2 [v] (TIE2),220,46,full,talk,2,77862,1.2112289194185375e-5,1,2
dutch-16-247-303106,dutch,nee,nee,303106,303395,spreker1 [v] (TIE0),289,NA,NA,talk,3,9041,1.4064268398529449e-6,2,2
dutch-16-255-310181,dutch,zou je,zou je,310181,310669,spreker2 [v] (TIE2),488,-500,full,talk,6,3,4.666829465279099e-10,203,2
dutch-16-345-421579,dutch,precies,precies,421579,422226,spreker2 [v] (TIE2),647,NA,NA,talk,7,249,3.8734684561816533e-8,56,2
dutch-16-348-422920,dutch,ja,ja,422920,423208,spreker1 [v] (TIE0),288,694,full,talk,2,77862,1.2112289194185375e-5,1,2
dutch-16-371-452058,dutch,jammer,jammer,452058,452511,spreker2 [v] (TIE2),453,NA,NA,talk,6,36,5.600195358334919e-9,170,2
dutch-16-389-477545,dutch,ja,ja,477545,477843,spreker1 [v] (TIE0),298,-393,full,talk,2,77862,1.2112289194185375e-5,1,2
dutch-16-395-486155,dutch,ja,ja,486155,486441,spreker1 [v] (TIE0),286,381,NA,talk,2,77862,1.2112289194185375e-5,1,3
dutch-16-437-535273,dutch,nee,nee,535273,535845,spreker1 [v] (TIE0),572,1560,NA,talk,3,9041,1.4064268398529449e-6,2,2
dutch-16-488-608110,dutch,ja,ja,608110,608420,spreker2 [v] (TIE2),310,-333,full,talk,2,77862,1.2112289194185375e-5,1,2
dutch-16-508-632482,dutch,ja,ja,632482,632851,spreker2 [v] (TIE2),369,-667,full,talk,2,77862,1.2112289194185375e-5,1,2
dutch-16-531-651381,dutch,ja,ja,651381,651726,spreker2 [v] (TIE2),345,-1829,full,talk,2,77862,1.2112289194185375e-5,1,2
dutch-16-536-656116,dutch,ja,ja,656116,656330,spreker2 [v] (TIE2),214,96,full,talk,2,77862,1.2112289194185375e-5,1,2
dutch-16-581-706364,dutch,ja,ja,706364,706665.9999999999,spreker2 [v] (TIE2),301.9999999998836,92,full,talk,2,77862,1.2112289194185375e-5,1,2
dutch-16-597-728199,dutch,ja ja,ja ja,728199,728646,spreker1 [v] (TIE0),447,492,full,talk,5,7128,1.108838680950314e-6,4,2
dutch-16-606-740648,dutch,ja,ja,740648,740938,spreker1 [v] (TIE0),290,182,NA,talk,2,77862,1.2112289194185375e-5,1,2
dutch-16-676-837780,dutch,hum,hum,837780,838021,spreker2 [v] (TIE2),241,109,NA,talk,3,747,1.1620405368544957e-7,27,2
dutch-16-697-869148,dutch,ja,ja,869148,869414,spreker2 [v] (TIE2),266,-907,full,talk,2,77862,1.2112289194185375e-5,1,2
dutch-16-698-869850,dutch,ja,ja,869850,869995,spreker2 [v] (TIE2),145,-205,full,talk,2,77862,1.2112289194185375e-5,1,3
dutch-17-030-45226,dutch,ja,ja,45226,45708,spreker1 [v] (TIE0),482,NA,NA,talk,2,77862,1.2112289194185375e-5,1,2
dutch-17-078-112821,dutch,ja,ja,112821,113117,spreker1 [v] (TIE0),295.99999999998545,-158.99999999998545,NA,talk,2,77862,1.2112289194185375e-5,1,2
dutch-17-104-150583,dutch,ja,ja,150583,150964,spreker1 [v] (TIE0),381,137,NA,talk,2,77862,1.2112289194185375e-5,1,2
dutch-17-146-196990,dutch,ja,ja,196990,197317,spreker2 [v] (TIE1),327,NA,NA,talk,2,77862,1.2112289194185375e-5,1,2
dutch-17-157-209132,dutch,ja,ja,209132,209552,spreker2 [v] (TIE1),420,-635,full,talk,2,77862,1.2112289194185375e-5,1,2
dutch-17-210-273062,dutch,ja,ja,273062,273277,spreker2 [v] (TIE1),215,-608,full,talk,2,77862,1.2112289194185375e-5,1,2
dutch-17-227-287001,dutch,leuk,leuk,287001,287385,spreker1 [v] (TIE0),384,355,NA,talk,4,246,3.8268001615288617e-8,58,2
dutch-17-252-310832,dutch,ja,ja,310832,311225,spreker1 [v] (TIE0),393,-1019,full,talk,2,77862,1.2112289194185375e-5,1,2
dutch-17-253-311449,dutch,ja,ja,311449,311757,spreker1 [v] (TIE0),308,-402,full,talk,2,77862,1.2112289194185375e-5,1,3
dutch-17-275-346512,dutch,hum hum,hum hum,346512,347111,spreker2 [v] (TIE1),599,0,NA,talk,7,98,1.5244976253245058e-8,115,2
dutch-17-309-400584,dutch,ja,ja,400584,400836,spreker1 [v] (TIE0),252,-467,full,talk,2,77862,1.2112289194185375e-5,1,2
dutch-17-319-415149,dutch,ja,ja,415149,415691.00000000006,spreker2 [v] (TIE1),542.0000000000582,-2211,full,talk,2,77862,1.2112289194185375e-5,1,2
dutch-17-392-501398,dutch,ja,ja,501398,501772,spreker1 [v] (TIE0),374,-1280,full,talk,2,77862,1.2112289194185375e-5,1,2
dutch-17-425-550688,dutch,ja ja,ja ja,550688,551211,spreker2 [v] (TIE1),523,351,NA,talk,5,7128,1.108838680950314e-6,4,2
dutch-17-469-612629,dutch,ja,ja,612629,612965,spreker2 [v] (TIE1),336,NA,full,talk,2,77862,1.2112289194185375e-5,1,2
dutch-17-476-626028,dutch,ja,ja,626028,626561,spreker1 [v] (TIE0),533,-654,full,talk,2,77862,1.2112289194185375e-5,1,2
dutch-17-479-629841,dutch,ja,ja,629841,630084,spreker1 [v] (TIE0),243,140,NA,talk,2,77862,1.2112289194185375e-5,1,3
dutch-17-481-632010,dutch,ja,ja,632010,632355,spreker1 [v] (TIE0),345,-9,partial,talk,2,77862,1.2112289194185375e-5,1,4
dutch-17-489-644095,dutch,ja,ja,644095,644394,spreker1 [v] (TIE0),299,NA,NA,talk,2,77862,1.2112289194185375e-5,1,2
dutch-17-504-669276,dutch,ja,ja,669276,669622,spreker1 [v] (TIE0),346,46,NA,talk,2,77862,1.2112289194185375e-5,1,2
dutch-17-508-673646,dutch,ja,ja,673646,674048,spreker1 [v] (TIE0),402,112,partial,talk,2,77862,1.2112289194185375e-5,1,3
dutch-17-517-683252,dutch,ja,ja,683252,683589,spreker1 [v] (TIE0),337,-975,full,talk,2,77862,1.2112289194185375e-5,1,2
dutch-17-518-684382,dutch,ja,ja,684382,684810,spreker1 [v] (TIE0),428,155,NA,talk,2,77862,1.2112289194185375e-5,1,3
dutch-17-521-687790,dutch,ja,ja,687790,688164,spreker1 [v] (TIE0),374,-374,NA,talk,2,77862,1.2112289194185375e-5,1,4
dutch-17-530-696273,dutch,ja,ja,696273,696583,spreker2 [v] (TIE1),310,-1814,full,talk,2,77862,1.2112289194185375e-5,1,2
dutch-17-531-697713,dutch,ja,ja,697713,698169,spreker2 [v] (TIE1),456,-374,NA,talk,2,77862,1.2112289194185375e-5,1,3
dutch-17-532-698169,dutch,ja,ja,698169,698460,spreker2 [v] (TIE1),291,NA,NA,talk,2,77862,1.2112289194185375e-5,1,4
dutch-17-533-698460,dutch,ja,ja,698460,698725,spreker2 [v] (TIE1),265,NA,NA,talk,2,77862,1.2112289194185375e-5,1,5
dutch-17-543-710366,dutch,nee,nee,710366,710758,spreker1 [v] (TIE0),392,-100,NA,talk,3,9041,1.4064268398529449e-6,2,2
dutch-17-554-724681,dutch,ja,ja,724681,724964,spreker1 [v] (TIE0),283,-228,partial,talk,2,77862,1.2112289194185375e-5,1,2
dutch-17-557-726991,dutch,ja,ja,726991,727338,spreker1 [v] (TIE0),347,100,full,talk,2,77862,1.2112289194185375e-5,1,3
dutch-17-558-728714,dutch,ja,ja,728714,729078,spreker1 [v] (TIE0),364,146,NA,talk,2,77862,1.2112289194185375e-5,1,4
dutch-17-560-729379,dutch,ja,ja,729379,729671,spreker1 [v] (TIE0),292,-1321,full,talk,2,77862,1.2112289194185375e-5,1,5
dutch-17-564-733407,dutch,ja,ja,733407,733817,spreker1 [v] (TIE0),410,18,full,talk,2,77862,1.2112289194185375e-5,1,6
dutch-17-576-754530,dutch,ja,ja,754530,754849,spreker1 [v] (TIE0),319,182,NA,talk,2,77862,1.2112289194185375e-5,1,2
dutch-17-627-820723,dutch,ja,ja,820723,820996,spreker1 [v] (TIE0),273,NA,NA,talk,2,77862,1.2112289194185375e-5,1,2
dutch-17-635-831062,dutch,ja,ja,831062,831489,spreker1 [v] (TIE0),427,191,NA,talk,2,77862,1.2112289194185375e-5,1,2
dutch-17-653-855452,dutch,ja,ja,855452,855816,spreker1 [v] (TIE0),364,146,NA,talk,2,77862,1.2112289194185375e-5,1,2
dutch-18-078-91840,dutch,ja,ja,91840,92225,spreker2 [v] (TIE2),385,504.99999999998545,NA,talk,2,77862,1.2112289194185375e-5,1,2
dutch-18-091-106347,dutch,ja,ja,106347,106776,spreker1 [v] (TIE0),429,-506,full,talk,2,77862,1.2112289194185375e-5,1,2
dutch-18-137-167075,dutch,ja,ja,167075,167426,spreker1 [v] (TIE0),351,33,full,talk,2,77862,1.2112289194185375e-5,1,2
dutch-18-152-186097,dutch,ja,ja,186097,186548,spreker1 [v] (TIE0),451,-11,partial,talk,2,77862,1.2112289194185375e-5,1,2
dutch-18-168-205458,dutch,nee,nee,205458,205788,spreker2 [v] (TIE2),330,-66,NA,talk,3,9041,1.4064268398529449e-6,2,2
dutch-18-170-206875,dutch,nee,nee,206875,207315,spreker2 [v] (TIE2),440,-1121,full,talk,3,9041,1.4064268398529449e-6,2,3
dutch-18-176-216364,dutch,ja ja,ja ja,216364,216946,spreker1 [v] (TIE0),582,-165,partial,talk,5,7128,1.108838680950314e-6,4,2
dutch-18-226-283372,dutch,ja,ja,283372,283745,spreker1 [v] (TIE0),373,11,full,talk,2,77862,1.2112289194185375e-5,1,2
dutch-18-227-284371,dutch,ja,ja,284371,284734,spreker1 [v] (TIE0),363,-33,NA,talk,2,77862,1.2112289194185375e-5,1,3
dutch-18-231-289469,dutch,ja ja,ja ja,289469,290095,spreker1 [v] (TIE0),626,-857,full,talk,5,7128,1.108838680950314e-6,4,4
dutch-18-234-293695,dutch,ja ja,ja ja,293695,294178,spreker1 [v] (TIE0),483,-154,partial,talk,5,7128,1.108838680950314e-6,4,5
dutch-18-285-359552,dutch,ja,ja,359552,359805,spreker2 [v] (TIE2),253,-286,full,talk,2,77862,1.2112289194185375e-5,1,2
dutch-18-334-430924,dutch,hum,hum,430924,431188,spreker2 [v] (TIE2),264,468,NA,talk,3,747,1.1620405368544957e-7,27,2
dutch-18-372-482322,dutch,ja,ja,482322,482594,spreker1 [v] (TIE0),272,-307,full,talk,2,77862,1.2112289194185375e-5,1,2
dutch-18-441-582194,dutch,ja [unk_utterance],ja,582194,582830,spreker1 [v] (TIE0),636,NA,NA,talk,2,77862,1.2112289194185375e-5,1,2
dutch-18-514-667774,dutch,ja,ja,667774,668251,spreker1 [v] (TIE0),477,-431,partial,talk,2,77862,1.2112289194185375e-5,1,2
dutch-18-526-683351,dutch,ja,ja,683351,683736,spreker1 [v] (TIE0),385,341,NA,talk,2,77862,1.2112289194185375e-5,1,2
dutch-18-582-759499,dutch,ja,ja,759499,759816,spreker1 [v] (TIE0),317,658,full,talk,2,77862,1.2112289194185375e-5,1,2
dutch-18-690-898575,dutch,ja,ja,898575,898995,spreker1 [v] (TIE0),420,-408,partial,talk,2,77862,1.2112289194185375e-5,1,2
dutch-19-592-870050,dutch,ja,ja,870050,870477,spreker2 [v] (TIE2),427,127,NA,talk,2,77862,1.2112289194185375e-5,1,2
dutch-19-594-873459,dutch,ja,ja,873459.0000000001,873943,spreker2 [v] (TIE2),483.9999999998836,369.0000000001164,NA,talk,2,77862,1.2112289194185375e-5,1,3
dutch-19-596-877278,dutch,ja,ja,877278,877751,spreker2 [v] (TIE2),473,265,NA,talk,2,77862,1.2112289194185375e-5,1,4
dutch-20-081-102175,dutch,ja,ja,102175,102467,spreker1 [v] (TIE0),292,1169,NA,talk,2,77862,1.2112289194185375e-5,1,2
dutch-20-117-146293,dutch,ja,ja,146293,146792,spreker2 [v] (TIE2),499,572,NA,talk,2,77862,1.2112289194185375e-5,1,2
dutch-20-133-165784,dutch,nee,nee,165784,166113,spreker1 [v] (TIE0),329,NA,NA,talk,3,9041,1.4064268398529449e-6,2,2
dutch-20-146-184707,dutch,ja,ja,184707,184926,spreker1 [v] (TIE0),219,840,NA,talk,2,77862,1.2112289194185375e-5,1,2
dutch-20-201-252233,dutch,ja,ja,252233,252525,spreker2 [v] (TIE2),292,-243,NA,talk,2,77862,1.2112289194185375e-5,1,2
dutch-20-258-321509,dutch,ja,ja,321509,321935,spreker1 [v] (TIE0),426,182,NA,talk,2,77862,1.2112289194185375e-5,1,2
dutch-20-392-482803,dutch,ja,ja,482803,483211,spreker1 [v] (TIE0),408,-478,full,talk,2,77862,1.2112289194185375e-5,1,2
dutch-20-407-502061,dutch,ja,ja,502061,502283,spreker1 [v] (TIE0),222,NA,NA,talk,2,77862,1.2112289194185375e-5,1,2
dutch-20-418-514947,dutch,ja,ja,514947,515110,spreker2 [v] (TIE2),163,-292.0000000000582,full,talk,2,77862,1.2112289194185375e-5,1,2
dutch-20-459-560957,dutch,hum hum,hum hum,560957,561343,spreker2 [v] (TIE2),386,-105,partial,talk,7,98,1.5244976253245058e-8,115,2
dutch-20-503-627447,dutch,ja,ja,627447,627832,spreker2 [v] (TIE2),385,-1587,full,talk,2,77862,1.2112289194185375e-5,1,2
dutch-20-504-629256,dutch,ja,ja,629256,629583,spreker2 [v] (TIE2),327,222,NA,talk,2,77862,1.2112289194185375e-5,1,3
dutch-20-553-689079,dutch,ja,ja,689079,689414,spreker2 [v] (TIE2),335,443,NA,talk,2,77862,1.2112289194185375e-5,1,2
dutch-20-573-713437,dutch,ja,ja,713437,713974,spreker1 [v] (TIE0),537,-81,partial,talk,2,77862,1.2112289194185375e-5,1,2
dutch-20-583-724462,dutch,ja,ja,724462,724719,spreker1 [v] (TIE0),257,385,NA,talk,2,77862,1.2112289194185375e-5,1,2
dutch-20-594-737670,dutch,ja,ja,737670,737953,spreker2 [v] (TIE2),283,271,NA,talk,2,77862,1.2112289194185375e-5,1,2
dutch-20-612-758918,dutch,ja,ja,758918,759318,spreker1 [v] (TIE0),400,12,NA,talk,2,77862,1.2112289194185375e-5,1,2
dutch-20-649-794836,dutch,ja,ja,794836,795271,spreker1 [v] (TIE0),435,-565,full,talk,2,77862,1.2112289194185375e-5,1,2
dutch-20-719-861526,dutch,ja,ja,861526,861903,spreker1 [v] (TIE0),377,306,NA,talk,2,77862,1.2112289194185375e-5,1,2
dutch-20-753-897119,dutch,ja,ja,897119,897367,spreker1 [v] (TIE0),248,-36,partial,talk,2,77862,1.2112289194185375e-5,1,2
